"claimId","conditionId","conditionName","section","text","sharedText","population","level","sourceIds","sourceStatus","decision","reviewer","reviewedAt","notes"
"has-q1","has","Hipertensão arterial sistêmica","quick","A confirmação não deve depender de uma medida isolada; técnica, repetição e contexto importam.","Uma medida isolada não define sozinha o diagnóstico.","Adultos na APS; individualizar para populações especiais.","essential","ms-pcdt-has-2025","ms-pcdt-has-2025:current","pending-independent-review","","",""
"has-d1","has","Hipertensão arterial sistêmica","diagnosis","Em adultos, a pressão deve ser medida com técnica adequada e repetida conforme o resultado e o risco cardiovascular.","","Adultos na APS; individualizar para populações especiais.","essential","ms-pcdt-has-2025","ms-pcdt-has-2025:current","pending-independent-review","","",""
"has-a1","has","Hipertensão arterial sistêmica","assessment","A avaliação inclui risco cardiovascular, possíveis lesões de órgãos-alvo, comorbidades, medicamentos e fatores sociais.","","Adultos na APS; individualizar para populações especiais.","essential","ms-pcdt-has-2025","ms-pcdt-has-2025:current","pending-independent-review","","",""
"has-m1","has","Hipertensão arterial sistêmica","monitoring","O acompanhamento deve relacionar medidas seriadas, tolerabilidade, uso real dos medicamentos e metas individualizadas.","","Adultos na APS; individualizar para populações especiais.","essential","ms-pcdt-has-2025","ms-pcdt-has-2025:current","pending-independent-review","","",""
"has-n1","has","Hipertensão arterial sistêmica","nonDrug","Alimentação adequada, redução de sódio e ultraprocessados, atividade física, controle do peso, manejo do álcool, tabagismo, estresse e sono integram a prevenção e o cuidado.","","Adultos na APS; individualizar para populações especiais.","essential","ms-pcdt-has-2025","ms-pcdt-has-2025:current","pending-independent-review","","",""
"has-rx1","has","Hipertensão arterial sistêmica","medication","A escolha farmacológica depende do risco, comorbidades, tolerabilidade, função renal e protocolo aplicável; o Mapa não publica dose sem auditoria por indicação e apresentação.","","Adultos na APS; individualizar para populações especiais.","audited","ms-pcdt-has-2025; anvisa-bulario-2026","ms-pcdt-has-2025:current; anvisa-bulario-2026:current","pending-independent-review","","",""
"has-ref1","has","Hipertensão arterial sistêmica","referral","Sinais de lesão aguda, sintomas importantes, valores persistentemente muito elevados ou suspeita de causa secundária exigem avaliação profissional e fluxo apropriado.","","Adultos na APS; individualizar para populações especiais.","essential","ms-pcdt-has-2025","ms-pcdt-has-2025:current","pending-independent-review","","",""
"dm-q1","dm2","Diabete melito tipo 2","quick","O cuidado combina controle glicêmico, risco cardiovascular, função renal, prevenção de complicações e apoio ao autocuidado.","","Adultos na APS; individualizar para populações especiais.","essential","ms-pcdt-dm2-2026","ms-pcdt-dm2-2026:current","pending-independent-review","","",""
"dm-d1","dm2","Diabete melito tipo 2","diagnosis","O diagnóstico utiliza critérios laboratoriais e contexto clínico; um resultado pode exigir confirmação conforme sintomas e situação.","","Adultos na APS; individualizar para populações especiais.","essential","ms-pcdt-dm2-2026","ms-pcdt-dm2-2026:current","pending-independent-review","","",""
"dm-a1","dm2","Diabete melito tipo 2","assessment","A avaliação inicial deve incluir risco cardiovascular, função renal, pés, olhos, medicamentos, alimentação, atividade física e barreiras de acesso.","","Adultos na APS; individualizar para populações especiais.","essential","ms-pcdt-dm2-2026","ms-pcdt-dm2-2026:current","pending-independent-review","","",""
"dm-m1","dm2","Diabete melito tipo 2","monitoring","Hemoglobina glicada, glicemias, função renal e rastreamento de complicações são acompanhados com periodicidade individualizada.","","Adultos na APS; individualizar para populações especiais.","essential","ms-pcdt-dm2-2026","ms-pcdt-dm2-2026:current","pending-independent-review","","",""
"dm-n1","dm2","Diabete melito tipo 2","nonDrug","Mudanças sustentáveis em alimentação, movimento, sono, cessação do tabagismo e apoio ao automanejo integram o tratamento.","","Adultos na APS; individualizar para populações especiais.","essential","ms-pcdt-dm2-2026","ms-pcdt-dm2-2026:current","pending-independent-review","","",""
"dm-rx1","dm2","Diabete melito tipo 2","medication","A terapia deve considerar controle glicêmico, doença cardiovascular, doença renal, risco de hipoglicemia, peso, acesso e preferências; doses permanecem bloqueadas até auditoria regulatória específica.","","Adultos na APS; individualizar para populações especiais.","audited","ms-pcdt-dm2-2026; anvisa-bulario-2026; ms-rename-2024","ms-pcdt-dm2-2026:current; anvisa-bulario-2026:current; ms-rename-2024:current","pending-independent-review","","",""
"dm-ref1","dm2","Diabete melito tipo 2","referral","Descompensação importante, suspeita de emergência metabólica, complicações avançadas ou necessidade além da APS exigem fluxo de avaliação apropriado.","","Adultos na APS; individualizar para populações especiais.","essential","ms-pcdt-dm2-2026","ms-pcdt-dm2-2026:current","pending-independent-review","","",""
"drc-q1","drc","Doença renal crônica","quick","A persistência temporal e a combinação entre TFG, marcadores de dano renal e contexto são centrais; um resultado isolado não basta.","Um exame isolado não define sozinho doença renal crônica.","Adultos na APS; individualizar para populações especiais.","essential","ms-pcdt-drc-2024","ms-pcdt-drc-2024:current","pending-independent-review","","",""
"drc-d1","drc","Doença renal crônica","diagnosis","TFG abaixo de 60 mL/min/1,73 m² por mais de três meses ou marcador persistente de dano renal pode sustentar o diagnóstico conforme o protocolo.","","Adultos na APS; individualizar para populações especiais.","essential","ms-pcdt-drc-2024","ms-pcdt-drc-2024:current","pending-independent-review","","",""
"drc-a1","drc","Doença renal crônica","assessment","Avaliar diabetes, hipertensão, obesidade, doença cardiovascular, tabagismo, nefrotóxicos, história familiar e causas renais específicas.","","Adultos na APS; individualizar para populações especiais.","essential","ms-pcdt-drc-2024","ms-pcdt-drc-2024:current","pending-independent-review","","",""
"drc-m1","drc","Doença renal crônica","monitoring","TFG, albuminúria, urina, pressão, eletrólitos e efeitos de medicamentos são acompanhados conforme estágio e contexto.","","Adultos na APS; individualizar para populações especiais.","essential","ms-pcdt-drc-2024","ms-pcdt-drc-2024:current","pending-independent-review","","",""
"drc-n1","drc","Doença renal crônica","nonDrug","O cuidado inclui redução de fatores de progressão, alimentação individualizada, atividade física possível, cessação do tabagismo e prevenção de nefrotoxicidade.","","Adultos na APS; individualizar para populações especiais.","essential","ms-pcdt-drc-2024","ms-pcdt-drc-2024:current","pending-independent-review","","",""
"drc-rx1","drc","Doença renal crônica","medication","Medicamentos renoprotetores e ajustes dependem de indicação, TFG, albuminúria, potássio, comorbidades e protocolo; dose não é inferida pelo Mapa.","","Adultos na APS; individualizar para populações especiais.","audited","ms-pcdt-drc-2024; anvisa-bulario-2026","ms-pcdt-drc-2024:current; anvisa-bulario-2026:current","pending-independent-review","","",""
"drc-ref1","drc","Doença renal crônica","referral","Progressão rápida, estágio avançado, complicações, diagnóstico incerto ou critérios do protocolo requerem coordenação com atenção especializada.","","Adultos na APS; individualizar para populações especiais.","essential","ms-pcdt-drc-2024","ms-pcdt-drc-2024:current","pending-independent-review","","",""
"lip-q1","dyslipidemia","Dislipidemia","quick","A interpretação depende do perfil lipídico e do risco cardiovascular global, não apenas de um valor isolado.","","Adultos na APS; individualizar para populações especiais.","essential","ms-pcdt-dislipidemia-2019","ms-pcdt-dislipidemia-2019:current","pending-independent-review","","",""
"lip-d1","dyslipidemia","Dislipidemia","diagnosis","O diagnóstico é laboratorial e a história clínica e familiar participa da estratificação de risco.","","Adultos na APS; individualizar para populações especiais.","essential","ms-pcdt-dislipidemia-2019","ms-pcdt-dislipidemia-2019:current","pending-independent-review","","",""
"lip-a1","dyslipidemia","Dislipidemia","assessment","Pesquisar doença cardiovascular, diabetes, hipertensão, obesidade, tabagismo, história familiar e causas secundárias relevantes.","","Adultos na APS; individualizar para populações especiais.","essential","ms-pcdt-dislipidemia-2019","ms-pcdt-dislipidemia-2019:current","pending-independent-review","","",""
"lip-m1","dyslipidemia","Dislipidemia","monitoring","Perfil lipídico, resposta, tolerabilidade e risco são revistos longitudinalmente.","","Adultos na APS; individualizar para populações especiais.","essential","ms-pcdt-dislipidemia-2019","ms-pcdt-dislipidemia-2019:current","pending-independent-review","","",""
"lip-n1","dyslipidemia","Dislipidemia","nonDrug","Alimentação adequada, atividade física, cessação do tabagismo e manejo do peso integram a prevenção cardiovascular.","","Adultos na APS; individualizar para populações especiais.","essential","ms-pcdt-dislipidemia-2019","ms-pcdt-dislipidemia-2019:current","pending-independent-review","","",""
"lip-rx1","dyslipidemia","Dislipidemia","medication","Terapia farmacológica depende da categoria de risco, alteração lipídica, tolerabilidade e protocolo vigente. A consulta pública de 2026 ainda não substitui automaticamente o PCDT vigente.","","Adultos na APS; individualizar para populações especiais.","review-needed","ms-pcdt-dislipidemia-2019; ms-dislipidemia-cp94-2026; anvisa-bulario-2026","ms-pcdt-dislipidemia-2019:current; ms-dislipidemia-cp94-2026:preliminary; anvisa-bulario-2026:current","blocked-preliminary-source","","",""
"lip-ref1","dyslipidemia","Dislipidemia","referral","Suspeita de hipercolesterolemia familiar, hipertrigliceridemia importante ou situação fora do escopo da APS exige avaliação segundo fluxo aplicável.","","Adultos na APS; individualizar para populações especiais.","essential","ms-pcdt-dislipidemia-2019","ms-pcdt-dislipidemia-2019:current","pending-independent-review","","",""
"ob-q1","obesity","Sobrepeso e obesidade em adultos","quick","IMC auxilia a classificação, mas possui limitações e deve ser interpretado com distribuição de gordura, comorbidades e contexto.","","Adultos na APS; individualizar para populações especiais.","essential","ms-pcdt-obesidade-2024","ms-pcdt-obesidade-2024:current","pending-independent-review","","",""
"ob-d1","obesity","Sobrepeso e obesidade em adultos","diagnosis","A avaliação utiliza medidas antropométricas e contexto clínico; IMC não distingue composição corporal e é menos acurado em alguns grupos.","","Adultos na APS; individualizar para populações especiais.","essential","ms-pcdt-obesidade-2024","ms-pcdt-obesidade-2024:current","pending-independent-review","","",""
"ob-a1","obesity","Sobrepeso e obesidade em adultos","assessment","Avaliar comorbidades, medicamentos, alimentação, atividade física, comportamento, saúde mental, funcionalidade, sono, estigma e determinantes sociais.","","Adultos na APS; individualizar para populações especiais.","essential","ms-pcdt-obesidade-2024","ms-pcdt-obesidade-2024:current","pending-independent-review","","",""
"ob-m1","obesity","Sobrepeso e obesidade em adultos","monitoring","Acompanhamento deve incluir saúde, funcionalidade, parâmetros metabólicos, objetivos pactuados e trajetória, não somente quilogramas.","","Adultos na APS; individualizar para populações especiais.","essential","ms-pcdt-obesidade-2024","ms-pcdt-obesidade-2024:current","pending-independent-review","","",""
"ob-n1","obesity","Sobrepeso e obesidade em adultos","nonDrug","Intervenções multifatoriais e de longo prazo combinam alimentação, atividade física e mudança comportamental com adequação cultural, social e econômica.","","Adultos na APS; individualizar para populações especiais.","essential","ms-pcdt-obesidade-2024","ms-pcdt-obesidade-2024:current","pending-independent-review","","",""
"ob-rx1","obesity","Sobrepeso e obesidade em adultos","medication","Intervenções farmacológicas ou cirúrgicas exigem indicação, avaliação integral, protocolo e seguimento; não são automatizadas pelo Mapa.","","Adultos na APS; individualizar para populações especiais.","audited","ms-pcdt-obesidade-2024; anvisa-bulario-2026","ms-pcdt-obesidade-2024:current; anvisa-bulario-2026:current","pending-independent-review","","",""
"ob-ref1","obesity","Sobrepeso e obesidade em adultos","referral","Complexidade clínica, necessidade multiprofissional ou critérios de atenção especializada devem seguir a linha de cuidado local.","","Adultos na APS; individualizar para populações especiais.","essential","ms-pcdt-obesidade-2024; ms-linhas-cuidado-2026","ms-pcdt-obesidade-2024:current; ms-linhas-cuidado-2026:current","pending-independent-review","","",""
